Column1;ROBOT B4;_1
792;SR_SOUDER; p_reb_prg
808;SR_SOUDER; p_reb_prg
844;SR_SOUDER; p_repli
907;SR_SOUDER; p_reb_prg
1397;SR_SOUDER; lscs2003267000
1398;SR_SOUDER; lscs2003267100
1399;SR_SOUDER; lscs2003267800
1404;SR_SOUDER; lscs2003267900
1408;SR_SOUDER; lscs2002842500
1409;SR_SOUDER; lspac002906800
1410;SR_SOUDER; lspac002906700
1411;SR_SOUDER; lspac002906600
1412;SR_SOUDER; lspac006170400
1413;SR_SOUDER; lspac002906400
1414;SR_SOUDER; lspac006171000
1415;SR_SOUDER; lspac002906300
1416;SR_SOUDER; lspac002906200
1417;SR_SOUDER; lspac002906100
1418;SR_SOUDER; lscs1002842300
1423;SR_SOUDER; lspac002905100
1424;SR_SOUDER; lscs1002842400
1429;SR_SOUDER; lscs1003268200
1430;SR_SOUDER; lscs1003267700
1435;SR_SOUDER; lscs1003267600
1440;SR_SOUDER; lscs1003267500
1441;SR_SOUDER; lscs1003267400
1442;SR_SOUDER; lscs1003266200
1443;SR_SOUDER; lscs1003266100
1444;SR_SOUDER; lscs1003266000
1449;SR_SOUDER; lscs1002842000
1450;SR_SOUDER; lspac002900900
1451;SR_SOUDER; lspac002901000
1452;SR_SOUDER; lspac002901100
1453;SR_SOUDER; lspac006170500
1454;SR_SOUDER; lspac002901300
1455;SR_SOUDER; lspac006169900
1456;SR_SOUDER; lspac002901600
1457;SR_SOUDER; lspac002901700
1458;SR_SOUDER; lspac002901800
1459;SR_SOUDER; lscs2002842200
1463;SR_SOUDER; lscs2003266900
1468;SR_SOUDER; lscs2003266800
1472;SR_SOUDER; lscs2002842100
1473;SR_SOUDER; lspac002904800
1474;SR_SOUDER; lspac002904700
1475;SR_SOUDER; lspac002904600
1476;SR_SOUDER; lspac006170200
1477;SR_SOUDER; lspac002904400
1478;SR_SOUDER; lspac006170800
1479;SR_SOUDER; lspac002904300
1480;SR_SOUDER; lspac002904200
1481;SR_SOUDER; lspac002904100
1482;SR_SOUDER; lscs1002841900
1486;SR_SOUDER; lscs1003265900
1487;SR_SOUDER; lscs1003265800
1492;SR_SOUDER; lscs1003265600
1493;SR_SOUDER; lscs1003265500
1498;SR_SOUDER; lscs1002841500
1499;SR_SOUDER; lspac002878500
1500;SR_SOUDER; lspac002878600
1501;SR_SOUDER; lspac002878700
1502;SR_SOUDER; lspac002878800
1509;SR_SOUDER; lspac002878900
1510;SR_SOUDER; lspac002879000
1515;SR_SOUDER; lspac002879100
1516;SR_SOUDER; lspac002879200
1517;SR_SOUDER; lspac002879300
1518;SR_SOUDER; lspac002879400
1519;SR_SOUDER; lscs2002841700
1524;SR_SOUDER; lscs2004621500
1525;SR_SOUDER; lscs2002841600
1526;SR_SOUDER; lspac002883300
1527;SR_SOUDER; lspac002883200
1531;SR_SOUDER; lspac002883100
1532;SR_SOUDER; lspac002883000
1536;SR_SOUDER; lspac002882900
1537;SR_SOUDER; lspac002882800
1541;SR_SOUDER; lspac002882700
1542;SR_SOUDER; lspac002882600
1543;SR_SOUDER; lspac002882500
1544;SR_SOUDER; lspac002882400
1545;SR_SOUDER; lscs1002841400
1546;SR_SOUDER; lscs1004621400
1551;SR_SOUDER; lscs1005331700
1559;SR_SOUDER; lscsd004573702
1560;SR_SOUDER; lscs2003266400
1561;SR_SOUDER; lscs2003266500
1566;SR_SOUDER; lscs2003266700
1579;SR_SOUDER; lscs2003266600
1586;SR_SOUDER; lscs2003266600_1
1593;SR_SOUDER; lscs1003265700
1597;SR_SOUDER; lscsg004573701
1635;SR_SOUDER; lscs2002942400
1636;SR_SOUDER; lscsg002940402
1637;SR_SOUDER; lscsg002940502
1642;SR_SOUDER; lscsg002940602
1643;SR_SOUDER; lscsg002940702
1644;SR_SOUDER; lsdcd002932302
1649;SR_SOUDER; lscsg002940802_B
1650;SR_SOUDER; lscsg002940902
1651;SR_SOUDER; lscsg002941002
1656;SR_SOUDER; lscsg002941202
1669;SR_SOUDER; lscsg002941302
1680;SR_SOUDER; lscs2002948300
1681;SR_SOUDER; lscs2002947600
1682;SR_SOUDER; lscs2002948400
1687;SR_SOUDER; lscs2002839500_B
1697;SR_SOUDER; lscs2002839600_B
1702;SR_SOUDER; lscs2002947700
1711;SR_SOUDER; lscsg002952001
1712;SR_SOUDER; lscs1002947400
1713;SR_SOUDER; lscs1002947300
1718;SR_SOUDER; lscs1002839400_B
1719;SR_SOUDER; lspac002893200
1720;SR_SOUDER; lspac002893300
1721;SR_SOUDER; lspac002893400
1722;SR_SOUDER; lspac006169000
1723;SR_SOUDER; lspac002893500
1724;SR_SOUDER; lspac006167800
1725;SR_SOUDER; lspac002893600
1726;SR_SOUDER; lspac002893700
1727;SR_SOUDER; lspac002893800
1732;SR_SOUDER; lspac002893100
1736;SR_SOUDER; lspac002893000
1737;SR_SOUDER; lspac002892900
1738;SR_SOUDER; lspac006168400
1739;SR_SOUDER; lspac002892800
1740;SR_SOUDER; lspac006169600
1741;SR_SOUDER; lspac002892700
1742;SR_SOUDER; lspac002892600
1743;SR_SOUDER; lspac002892500
1744;SR_SOUDER; lscs1002839300_B
1749;SR_SOUDER; lsdc1002933000
1750;SR_SOUDER; lscs1002947200
1751;SR_SOUDER; lscs1002947100
1756;SR_SOUDER; lscs1002942300
1757;SR_SOUDER; lscsd002941201
1763;SR_SOUDER; lscsd002941001
1764;SR_SOUDER; lscsd002940901
1765;SR_SOUDER; lscsd002940801
1766;SR_SOUDER; lsdcg002932401
1771;SR_SOUDER; lscs1002839000_B
1772;SR_SOUDER; lspac002890400
1773;SR_SOUDER; lspac002890500
1774;SR_SOUDER; lspac002890600
1775;SR_SOUDER; lspac006168800
1776;SR_SOUDER; lspac002890700
1777;SR_SOUDER; lspac006167600
1778;SR_SOUDER; lspac002890800
1779;SR_SOUDER; lspac002890900
1780;SR_SOUDER; lspac002891000
1781;SR_SOUDER; lscs2002839200_B
1786;SR_SOUDER; lscs2002839100_B
1787;SR_SOUDER; lspac002890300
1788;SR_SOUDER; lspac002890200
1789;SR_SOUDER; lspac002890100
1790;SR_SOUDER; lspac006168200
1791;SR_SOUDER; lspac002890000
1792;SR_SOUDER; lspac006169400
1793;SR_SOUDER; lspac002889900
1794;SR_SOUDER; lspac002889800
1795;SR_SOUDER; lspac002889700
1796;SR_SOUDER; lscs1002838900_B
1801;SR_SOUDER; lsdcg002932301
1802;SR_SOUDER; lscsd002940701
1803;SR_SOUDER; lscsd002940601
1804;SR_SOUDER; lscsd002940501
1805;SR_SOUDER; lscsd002940401
1811;SR_SOUDER; lscs1002838200_B
1812;SR_SOUDER; lspac002867100
1813;SR_SOUDER; lspac002867200
1814;SR_SOUDER; lspac006171300_B
1819;SR_SOUDER; lspac002867300
1820;SR_SOUDER; lspac004679300
1821;SR_SOUDER; lspac006171700
1822;SR_SOUDER; lspac002867400
1823;SR_SOUDER; lspac002867500
1828;SR_SOUDER; lspac006172100_B
1829;SR_SOUDER; lspac002867600
1830;SR_SOUDER; lspac002867700
1831;SR_SOUDER; lscs2002838400_B
1836;SR_SOUDER; lscs2002838300
1837;SR_SOUDER; lspac002872000
1838;SR_SOUDER; lspac002871900
1839;SR_SOUDER; lspac002871800
1840;SR_SOUDER; lspac002871700
1841;SR_SOUDER; lspac002871600
1842;SR_SOUDER; lspac002871500
1843;SR_SOUDER; lspac002871400
1844;SR_SOUDER; lspac002871300
1845;SR_SOUDER; lspac002871200
1846;SR_SOUDER; lspac002871100
1847;SR_SOUDER; lspac002871000
1848;SR_SOUDER; lspac002870900
1878;SR_SOUDER; lscs2002942400
1879;SR_SOUDER; lscsg002940402
1880;SR_SOUDER; lscsg002940502
1885;SR_SOUDER; lscsg002940602
1886;SR_SOUDER; lscsg002940702
1887;SR_SOUDER; lsdcd002932302
1892;SR_SOUDER; lscsg002940802
1893;SR_SOUDER; lscsg002940902
1894;SR_SOUDER; lscsg002941002
1895;SR_SOUDER; lscsg002941202
1906;SR_SOUDER; lscsg002941302
1916;SR_SOUDER; lscs2002948300
1917;SR_SOUDER; lscs2002947600
1918;SR_SOUDER; lscs2002948400
1928;SR_SOUDER; lscs2002947700
1929;SR_SOUDER; lscs2002947700_1
1937;SR_SOUDER; lscsg002952001
1938;SR_SOUDER; lscs1002947400
1939;SR_SOUDER; lscs1002947400_1
1940;SR_SOUDER; lscs1002947300
1941;SR_SOUDER; lscs1002839400
1942;SR_SOUDER; lspac002893200
1943;SR_SOUDER; lspac002893300
1944;SR_SOUDER; lspac002893400
1945;SR_SOUDER; lspac006169000
1946;SR_SOUDER; lspac002893500
1947;SR_SOUDER; lspac006167800
1948;SR_SOUDER; lspac002893600
1949;SR_SOUDER; lspac002893700
1950;SR_SOUDER; lspac002893800
1951;SR_SOUDER; lscs2002839600
1956;SR_SOUDER; lscs2002839500
1957;SR_SOUDER; lspac002893100
1961;SR_SOUDER; lspac002893000
1962;SR_SOUDER; lspac002892900
1963;SR_SOUDER; lspac006168400
1964;SR_SOUDER; lspac002892800
1965;SR_SOUDER; lspac006169600
1966;SR_SOUDER; lspac002892700
1967;SR_SOUDER; lspac002892600
1968;SR_SOUDER; lspac002892500
1969;SR_SOUDER; lscs1002839300
1973;SR_SOUDER; lsdc1002933000
1974;SR_SOUDER; lscs1002947200
1975;SR_SOUDER; lscs1002947100
1980;SR_SOUDER; lscs1002942300
1981;SR_SOUDER; lscsd002941201
1987;SR_SOUDER; lscsd002941001
1988;SR_SOUDER; lscsd002940901
1989;SR_SOUDER; lscsd002940801
1990;SR_SOUDER; lsdcg002932401
1991;SR_SOUDER; lscs1002839000
1992;SR_SOUDER; lspac002890400
1993;SR_SOUDER; lspac002890500
1994;SR_SOUDER; lspac002890600
1995;SR_SOUDER; lspac006168800
1996;SR_SOUDER; lspac002890700
1997;SR_SOUDER; lspac006167600
1998;SR_SOUDER; lspac002890800
1999;SR_SOUDER; lspac002890900
2000;SR_SOUDER; lspac002891000
2001;SR_SOUDER; lscs2002839200
2006;SR_SOUDER; lscs2002839100
2007;SR_SOUDER; lspac002890300
2008;SR_SOUDER; lspac002890200
2009;SR_SOUDER; lspac002890100
2010;SR_SOUDER; lspac006168200
2011;SR_SOUDER; lspac002890000
2012;SR_SOUDER; lspac006169400
2013;SR_SOUDER; lspac002889900
2014;SR_SOUDER; lspac002889800
2015;SR_SOUDER; lspac002889700
2016;SR_SOUDER; lscs1002838900
2017;SR_SOUDER; lsdcg002932301
2018;SR_SOUDER; lscsd002940701
2019;SR_SOUDER; lscsd002940601
2020;SR_SOUDER; lscsd002940501
2021;SR_SOUDER; lscsd002940401
2026;SR_SOUDER; lscs1002838200
2027;SR_SOUDER; lspac002867100
2028;SR_SOUDER; lspac002867200
2029;SR_SOUDER; lspac006171300
2030;SR_SOUDER; lspac002867300
2031;SR_SOUDER; lspac004679300
2032;SR_SOUDER; lspac006171700
2033;SR_SOUDER; lspac002867400
2034;SR_SOUDER; lspac002867500
2035;SR_SOUDER; lspac006172100
2036;SR_SOUDER; lspac002867600
2037;SR_SOUDER; lspac002867700
2038;SR_SOUDER; lscs2002838400
2043;SR_SOUDER; lscs2002838300
2044;SR_SOUDER; lspac002872000
2045;SR_SOUDER; lspac002871900
2046;SR_SOUDER; lspac002871800
2047;SR_SOUDER; lspac002871700
2048;SR_SOUDER; lspac002871600
2049;SR_SOUDER; lspac002871500
2050;SR_SOUDER; lspac002871400
2051;SR_SOUDER; lspac002871300
2052;SR_SOUDER; lspac002871200
2053;SR_SOUDER; lspac002871100
2054;SR_SOUDER; lspac002871000
2055;SR_SOUDER; lspac002870900
2071;SR_SOUDER; lscs1004359200
2072;SR_SOUDER; lscsd002940301
2084;SR_SOUDER; lscs2004359300
2121;SR_SOUDER; lspac002880300
2122;SR_SOUDER; lspac002880200
2128;SR_SOUDER; lspac002880100
2129;SR_SOUDER; lspac002880000
2130;SR_SOUDER; lspac002879900
2131;SR_SOUDER; lspac002879800
2132;SR_SOUDER; lspac002879700
2133;SR_SOUDER; lspac002879600
2134;SR_SOUDER; lspac002879500
2135;SR_SOUDER; lscs1002847500
2136;SR_SOUDER; lscs1002858300
2139;SR_SOUDER; lspac002880400
2145;SR_SOUDER; lscs1004621800
2146;SR_SOUDER; lscs1002858200
2147;SR_SOUDER; lspac002883400
2148;SR_SOUDER; lspac002883500
2149;SR_SOUDER; lspac002883600
2150;SR_SOUDER; lspac002883700
2154;SR_SOUDER; lspac002883800
2155;SR_SOUDER; lspac002883900
2160;SR_SOUDER; lspac002884000
2165;SR_SOUDER; lspac002884100
2166;SR_SOUDER; lspac002884200
2170;SR_SOUDER; lspac002884300
2171;SR_SOUDER; lscs2002858000
2172;SR_SOUDER; lscs2004621900
2198;SR_SOUDER; SCSDD010167
2203;SR_SOUDER; SCSDD010165
2204;SR_SOUDER; SCSCD010317
2205;SR_SOUDER; SCSCD010318
2206;SR_SOUDER; SCSCD010331
2207;SR_SOUDER; SCSCD010319
2208;SR_SOUDER; SCSCD010320
2209;SR_SOUDER; SCSCD010321
2210;SR_SOUDER; SCSCD010322
2211;SR_SOUDER; SCSCD010310
2212;SR_SOUDER; SCSCD010311
2213;SR_SOUDER; SCSCD010312
2214;SR_SOUDER; SCSCD010330
2215;SR_SOUDER; SCSCD010313
2216;SR_SOUDER; SCSCD010314
2217;SR_SOUDER; SCSDD010166
2230;SR_SOUDER; SCSCD009469
2231;SR_SOUDER; SCSCD009472
2276;SR_SOUDER; SCS2D035686_L2H2
2277;SR_SOUDER; SCSCD009431_L2H2
2278;SR_SOUDER; SCSCD009433_L2H2
2279;SR_SOUDER; SCSCD009430_L2H2
2280;SR_SOUDER; SCSCD009432_L2H2
2281;SR_SOUDER; SCS1D035684_L2H2
2326;SR_SOUDER; SCSCD009369_L2H2
2327;SR_SOUDER; SCS2D011237_L2H2
2337;SR_SOUDER; SCSCD009480_L2H2
2338;SR_SOUDER; SCSCD009487_L2H2
2339;SR_SOUDER; SCSCD009486_L2H2
2340;SR_SOUDER; SCSCD009485_L2H2
2341;SR_SOUDER; SCSCD009482_L2H2
2342;SR_SOUDER; SCSCD009481_L2H2
2343;SR_SOUDER; SCSCD009483_L2H2
2344;SR_SOUDER; SCSCD009484_L2H2
2345;SR_SOUDER; SCSCD009477_L2H2
2360;SR_SOUDER; SCS2D010234_L2H2
2364;SR_SOUDER; SCSCD009429_L2H2
2365;SR_SOUDER; SCSCD009427_L2H2
2366;SR_SOUDER; SCSCD009434_L2H2
2367;SR_SOUDER; SCSCD009428_L2H2
2368;SR_SOUDER; SCSCD009422_L2H2
2369;SR_SOUDER; SCSCD009421_L2H2
2370;SR_SOUDER; SCSCD009426_L2H2
2371;SR_SOUDER; SCS1D035683_L2H2_
2375;SR_SOUDER; SCS1D009539_L2H2
2376;SR_SOUDER; SCS1D009551_L2H2
2377;SR_SOUDER; SCS1D009540_L2H2
2378;SR_SOUDER; SCS1D009541_L2H2
2379;SR_SOUDER; SCS1D009542_L2H2
2383;SR_SOUDER; SCSCD009372_L2H2
2384;SR_SOUDER; SCSCD009361_L2H2
2385;SR_SOUDER; SCSCD009374_L2H2
2386;SR_SOUDER; SCSCD009373_L2H2
2391;SR_SOUDER; SCSCD009363_L2H2
2392;SR_SOUDER; SCSCD009362_L2H2
2393;SR_SOUDER; SCSCD009370_L2H2
2394;SR_SOUDER; SCSCD009360_L2H2
2395;SR_SOUDER; SCSCD009358_L2H2
2396;SR_SOUDER; SCS1D011234_L2H2
2401;SR_SOUDER; SCS1D009546_L2H2
2405;SR_SOUDER; SCS1D009547_L2H2
2406;SR_SOUDER; SCS1D009548_L2H2
2407;SR_SOUDER; SCS1D009549_L2H2
2408;SR_SOUDER; SCS1D009553_L2H2
2409;SR_SOUDER; SCS1D009552_L2H2
2414;SR_SOUDER; SCS1D009927_L2H2
2419;SR_SOUDER; SCSCD009418_L2H2
2420;SR_SOUDER; SCSCD009400_L2H2
2421;SR_SOUDER; SCSCD009398_L2H2
2422;SR_SOUDER; SCSCD009408_L2H2
2423;SR_SOUDER; SCSCD009416_L2H2
2424;SR_SOUDER; SCSCD009406_L2H2
2425;SR_SOUDER; SCSCD009414_L2H2
2426;SR_SOUDER; SCSCD009404_L2H2
2427;SR_SOUDER; SCSCD009412_L2H2
2437;SR_SOUDER; SCSCD009410_L2H2
2445;SR_SOUDER; SCSCD009396_L2H2
2446;SR_SOUDER; SCSCD009402_L2H2
2447;SR_SOUDER; SCSCD009420_L2H2
2452;SR_SOUDER; SCSCD009382_L2H2
2453;SR_SOUDER; SCSCD009384_L2H2
2454;SR_SOUDER; SCSCD009394_L2H2
2455;SR_SOUDER; SCSCD009378_L2H2
2464;SR_SOUDER; SCSCD009386_L2H2
2465;SR_SOUDER; SCSCD009380_L2H2
2466;SR_SOUDER; SCSCD009392_L2H2
2467;SR_SOUDER; SCSCD009388_L2H2
2468;SR_SOUDER; SCSCD009390_L2H2
2469;SR_SOUDER; SCSGD010159_L2H2
2470;SR_SOUDER; SCS1D010180_L2H2
2488;SR_SOUDER; SCS1D009550_L2H2
2492;SR_SOUDER; SCSCD009359_L2H2
2493;SR_SOUDER; SCS1D011235_L2H2
2494;SR_SOUDER; SCS1D009545_L2H2
2495;SR_SOUDER; SCS1D009544_L2H2
2496;SR_SOUDER; SCS1D009543_L2H2
2538;SR_SOUDER; p_repli
2559;SR_SOUDER; p_reb_prg
2570;SR_SOUDER; p_reb_prg
2581;SR_SOUDER; p_reb_prg
2592;SR_SOUDER; p_reb_prg
2616;SR_SOUDER; p_reb_prg
2633;SR_SOUDER; p_reb_prg
2650;SR_SOUDER; p_reb_prg
2667;SR_SOUDER; p_reb_prg
2682;SR_SOUDER; p_reb_prg
2695;SR_SOUDER; p_reb_prg
2708;SR_SOUDER; p_reb_prg
2721;SR_SOUDER; p_reb_prg
